1.588575064359e+01,2.032864422217e+01,3.591996231388e+00,2.080983365166e+00
6.756423105977e+00,2.142096874473e+01,5.106056765993e+00,4.471853250993e-01
1.149602199527e+01,1.345376864617e+01,3.539351900301e+00,2.064805569140e+00
1.839942517175e+01,4.573337647607e+01,2.907237132222e+00,3.745224115580e+00
1.367458938625e+01,2.558092956612e+01,1.636483272673e+00,2.967742101838e+00
7.809746307516e+00,1.311310081757e+01,5.711689935805e+00,2.174990878460e+00
1.684003869488e+01,3.486998684780e+02,5.578614007118e+00,4.155536999065e-01
1.077790573350e+01,2.735920836290e+03,4.227562300175e+00,3.680954803571e-01
9.394272708865e+00,6.246045938287e+02,1.427912091454e+00,5.035005788772e-01
8.923845104512e+00,1.183062878769e+02,1.872698331823e+00,9.390103450733e-01
9.291539509081e+00,8.556495668557e+00,3.044956179309e+00,1.273765079872e+00
9.521293821246e+00,3.949751701214e+02,2.477784992467e+00,6.421839783975e+00
6.515501267976e+00,7.299782532704e+01,6.745252479277e+00,3.997659491521e+00
6.375842485706e+00,6.960813045970e+03,1.697070942769e+00,3.660702407663e+00
-1.324639574314e+00,1.856476968590e+01,3.483307644312e+00,2.936485060616e+00
7.296635590174e+00,9.411030150862e+01,3.764239259241e+00,4.742692646985e-01
1.133251361798e+01,2.589850481052e+03,2.192473580830e+00,4.950767385858e+00
6.042737946821e+00,5.256527131905e+01,1.707571758328e+00,3.377406244431e+00
8.618375902991e+00,8.073961805019e+02,6.302759714673e+00,2.061611408347e+00
1.210860594268e+01,4.831386842499e+02,4.715818436333e+00,1.907986078740e+00
1.503808196856e+01,3.531416311345e+01,5.673346808047e+00,1.027438586641e+00
9.398271161605e+00,3.374765660012e+01,5.099994057711e+00,1.390677340163e+00
1.496565877223e+01,1.435573438150e+02,3.265184489111e+00,9.022852173486e-01
1.632172176359e+01,1.203534018825e+01,1.890865567230e+00,4.456766665094e+00
1.386806179582e+01,1.487736882405e+01,2.001332580508e+00,5.555734492087e+00
7.974969133732e+00,6.562981586034e+01,4.024729844078e+00,4.718996575467e-01
1.543697768960e+01,2.293932980015e+01,1.360147088972e+00,1.049750399057e+00
1.111390123691e+01,1.712787431578e+02,6.279777030307e+00,3.428706628150e+00
1.819884959802e+01,1.068423023638e+01,4.319880846881e+00,3.983517513223e+00
-3.526489045713e+00,4.238644011832e+02,4.250404830405e+00,4.627451529441e+00
6.136885905586e+00,5.215704875905e+01,6.243289019914e+00,4.057118670027e+00
4.241400564220e+00,2.866496262328e+02,6.937274017990e+00,4.849944103165e+00
3.839935069200e+00,1.002550746327e+01,5.569043095623e+00,7.181599435816e+00
6.502798983114e+00,9.830310887743e+01,3.498393559510e+00,3.290682695421e+00
9.887226736290e+00,2.933455565569e+01,3.051086164952e+00,1.310005203717e+00
4.251913471630e+00,4.362597159162e+00,5.933835113003e+00,4.528939838702e+00
6.785967280273e+00,7.446822168213e+02,1.119957223051e+00,4.442172007678e+00
1.029865015386e+01,1.215710627413e+02,4.802520281117e+00,4.260058574391e+00
5.927567024221e+00,1.974167670268e+01,1.802040526417e+00,3.576594410960e+00
1.643105732117e+01,3.184336264356e+03,5.698696226152e+00,1.950976923717e+00
1.398547560759e+01,4.983671395246e+02,1.699268101951e+00,5.727462058396e+00
1.166335266568e+01,9.643978243711e+02,2.776693170240e+00,4.034547092115e+00
8.731456797926e+00,3.156060298862e+02,4.855301167554e+00,1.238968454022e+00
1.995207684723e+01,4.935967785628e+01,6.039968675396e+00,8.710486730588e-01
6.149221593688e+00,3.873908601345e+01,6.487214081433e+00,1.128034209821e+00
1.538583710639e+01,2.279304609574e+02,2.702429171757e+00,1.593894571036e+00
1.794508416941e+01,1.817887725455e+02,1.127459937075e+00,8.221174635845e+00
9.793488784874e+00,3.192390804518e+02,4.080037966833e+00,9.728321416736e-01
-2.473563898332e-01,1.004796189273e+01,1.188365137730e+00,1.938190156255e+00
1.563093870538e+01,1.132179142813e+01,3.298951783681e+00,1.227458272775e+00
5.837767201761e+00,1.152789404403e+03,5.743464383169e+00,3.465004809513e+00
-4.241977619687e+00,9.617722258338e+01,5.221205385908e+00,1.176157301094e-01
1.153611749502e+01,1.828438024095e+02,1.754224001248e+00,1.550882725884e-01
1.417639380489e+01,2.640443462416e+02,2.801528407397e+00,1.324555709148e+00
1.648722135432e+01,2.468753479908e+01,1.793654545311e+00,4.076017742062e-01
1.252684995580e+01,5.491718139781e+03,3.958783107061e+00,1.002905614353e+00
-1.139744890157e+00,1.961440962311e+01,2.182289716079e+00,4.650699033890e+00
1.378141787023e+01,1.852913547052e+01,3.387953265100e+00,7.588046107593e-01
7.840781382797e+00,2.308695378072e+02,1.458134316948e+00,3.883954236046e+00
5.184699482658e+00,4.744403380355e+02,4.270244157463e+00,1.347503516725e+00
5.896777244089e+00,4.824277455006e+02,2.079901034327e+00,1.609201788836e-01
1.322419428562e+01,2.578060709655e+02,5.422929494914e+00,6.405000207472e-01
1.090135068115e+01,7.705654640652e+01,1.782130667593e+00,2.848774531926e+00
1.038236754824e+01,1.113358239310e+02,5.858809930828e+00,1.153348739528e+00
1.421164395118e+01,1.154404246813e+01,1.017869030745e+00,2.111017701741e-01
8.831282470829e+00,6.330386903995e+01,6.579663498869e+00,1.621006290033e-01
1.357545909664e+01,3.946092224153e+02,3.816688397992e+00,1.960884502347e+00
2.275702381655e+01,3.095059547964e+01,2.572496696549e+00,1.817014969422e+00
9.509837494374e+00,2.464752965163e+02,3.390248886966e+00,3.027976474930e+00
8.885286231714e+00,1.136178231476e+02,1.878613885727e+00,4.142486986459e+00
2.441377502179e+01,9.441958956383e+01,2.965709980793e+00,1.232459127977e+00
1.697105712422e+01,4.899428528179e+01,5.467476363707e+00,6.094601273656e+00
1.143139277241e+01,3.301233575852e+02,6.214525376473e+00,4.675387346615e-01
1.188188796700e+01,3.049581794042e-01,5.855910668764e+00,4.776422921206e+00
2.612156098800e+00,4.789438217929e+01,5.273349727916e+00,1.666657050895e+00
9.584334349446e+00,5.885341628870e+01,5.571872388167e+00,1.520668082041e+00
7.248112738848e+00,3.139665431024e+02,5.422875985546e+00,2.266580397462e-02
8.331676963856e+00,1.729837390100e+01,3.414589138650e+00,5.877664271199e+00
9.054397722877e+00,4.478432458845e+01,4.749617031233e+00,1.201586291250e+00
1.742832472283e+01,1.767497721913e+02,4.180018621548e+00,5.731581087085e-01
1.182864684989e+01,1.411673676905e+02,6.213039692747e+00,5.811031909352e-01
1.572655477374e+01,7.107609996631e+01,4.092926866326e+00,6.867724962025e-02
1.602538918563e+01,1.261562586681e+01,2.027474611312e+00,4.020447524059e+00
1.416321887427e+01,1.538448413604e+01,1.317800914806e+00,7.899629832794e-01
7.875217538682e+00,7.048216533270e+02,1.165970937789e+00,1.119139808983e+00
1.190033820624e+01,1.000000586246e+01,2.584334452432e+00,2.279959747282e+00
1.181024388544e+01,9.432879026306e+02,5.313997256826e+00,4.550670410454e-02
1.312827395401e+01,6.143521175111e+01,5.256290484189e+00,5.953559294813e+00
1.023491588737e+01,2.469326042376e+03,6.813303391668e+00,1.130298613848e+01
9.200117100738e+00,2.903488762074e+02,6.140456111403e+00,5.553898612415e+00
1.197237774934e+01,9.901633521360e+02,4.370945581658e+00,1.055280674466e-01
1.220064642431e+01,5.195381979900e+02,6.386798083771e+00,1.723030998282e+00
1.214907394632e+01,1.714067257971e+03,3.621429785350e+00,1.551149578346e+00
6.896601168317e+00,2.233783118300e+01,1.730699054298e+00,3.925352744448e-01
1.219032919228e+01,1.349422518962e+01,3.341412956715e+00,1.014335747065e+00
9.331319972875e+00,5.573400226000e+01,3.770476606444e+00,3.994618597692e+00
1.324371738433e+01,1.511910034735e+02,1.077117135647e+00,2.861510467573e-01
6.166718457497e+00,5.783262348951e+03,1.595598243962e+00,5.813541329043e-01
2.582426702396e+00,4.496753013281e+02,3.652162060395e+00,2.496200522482e-01
9.183837553254e+00,1.010318744891e+02,5.745995336329e+00,2.505481562836e-01
8.276186069246e+00,2.317085398888e+03,3.135699073283e+00,4.156688329802e+00
1.441298740852e+01,2.352017797971e+01,4.436811200510e+00,1.851197640313e+00
1.600569575910e+01,2.257794470529e+02,3.035221428657e+00,1.575257038678e+00
1.303473708296e+01,1.294420598443e+02,6.469670298376e+00,4.545015906832e-01
1.286090622887e+01,7.065767104347e+00,5.231049615308e+00,2.940064101974e+00
1.674600503052e+01,1.577880358323e+03,4.059759923156e+00,9.444548655482e-01
1.489806122868e+01,3.668748614391e+02,6.135055840957e+00,1.492557502326e+00
1.324702298782e+01,2.938328896685e+02,3.281627918096e+00,2.851518488559e+00
1.099444682533e+01,1.416820837632e+00,3.717941562730e+00,2.235198282805e-01
1.362838608223e+01,2.346214874830e+01,1.399416379299e+00,7.215669195914e-01
5.108835573889e+00,1.288349176275e+02,1.006498769996e+00,2.625871821494e+00
7.675152986805e+00,4.182845569158e+01,4.122501350084e+00,4.813363587638e-01
5.683554977017e+00,4.691198437370e+01,3.152252100318e+00,7.087297390088e+00
1.929718380972e+01,7.219261085948e+01,5.922234558352e+00,2.195753295185e+00
1.213316044837e+01,1.596315060203e+01,6.413091634692e+00,2.577364999716e-01
5.164536360527e+00,2.655059772361e+02,3.695662871737e+00,2.508797147095e-01
1.133095579026e+01,3.007812306823e+02,6.379572249134e+00,7.798763741582e-01
2.297870505705e+01,3.338145496261e+02,2.820296711764e+00,8.553271151453e+00
6.148262967795e+00,9.309189791978e+01,4.389340521928e+00,1.050036700239e+00
1.157603902949e+01,1.401210103697e+00,4.296873046670e+00,3.299668931937e+00
5.545283678721e+00,7.931311238772e+02,6.311866929654e+00,2.890982348312e+00
1.748310038649e+01,3.504892600167e+03,1.030864847589e+00,1.047092421084e+00
1.692431717424e+01,7.613020897929e+01,1.204515432836e+00,1.730886607541e-01
1.483375493723e+01,4.819294770213e+02,5.497833287470e+00,1.752145514006e+00
1.203115464688e+00,3.883277663166e+03,3.727254511907e+00,2.336659456993e-01
1.419926927146e+01,8.062309063606e+02,1.571750990441e+00,2.382716526593e+00
1.087861211520e+01,1.042361411486e+03,2.346476178654e+00,1.699668928938e+00
1.308213321803e+01,4.208211904849e+01,4.188874872836e+00,2.166095122090e+00
2.571110470242e+00,1.685790093057e+01,3.674960703393e+00,5.830624025197e-03
7.522477384609e+00,2.101696236151e+02,4.315173305879e+00,2.848403360033e-01
1.436175358330e+01,4.528485932864e+02,5.921570072997e+00,3.754665550085e+00
1.419393744913e+01,2.760176387971e+02,1.857593070379e+00,2.324464161485e+00
2.477707182362e+00,3.606628950256e+01,5.098268920038e+00,4.504768960466e-02
1.441287794295e+01,2.416948128096e+01,2.530357567290e+00,2.789179715828e-01
6.582025726540e+00,1.705454771526e+03,5.141469894085e+00,4.276811182685e+00
1.484312088359e+01,4.442373173484e+01,6.207941675872e+00,1.871198509801e+00
1.061775754291e+01,3.179657830245e+02,6.949868058993e+00,1.891217436195e+00
1.073414608680e+01,1.253657780878e+03,2.953585954000e+00,5.546627793901e-01
-5.384013909125e-01,6.137546762763e+00,1.848242556884e+00,2.984617722446e+00
1.467389107444e+01,3.525890614747e+02,6.871959724711e+00,4.027781803284e+00
1.110048119309e+01,4.567289151218e+00,3.435087340382e+00,1.251625407152e+00
6.936568735155e+00,2.263123914929e+03,2.801059250587e+00,1.065623559681e+00
1.541017837865e+01,1.425047538393e+02,2.440541688118e+00,2.490859879672e+00
1.932056288259e+01,4.576038737311e-01,1.040040480804e+00,9.391487538337e+00
1.682906834414e+00,2.787586747815e+02,4.864260455880e+00,1.709573763208e+00
1.258622650705e+01,3.086470478009e+01,3.767402800977e+00,5.989736687505e-01
7.828426378434e+00,2.116859341635e+01,2.636948552398e+00,1.395028942629e+00
1.242568003055e+01,2.272264611307e+00,4.585739961734e+00,4.722487666788e+00
1.031374728226e+01,1.397146906500e+03,1.028324357685e+00,4.879842534938e+00
6.423023322036e+00,7.757163760836e+02,3.892210797006e+00,2.921484732984e-01
7.084737852699e+00,1.071742487923e+00,6.507678777709e+00,3.618884926669e+00
1.390137137763e+01,4.999393211587e+00,1.939251582075e+00,5.318063760806e+00
8.737679602797e+00,1.347376156428e+02,3.585372775541e+00,1.032956323114e+00
2.837525473278e+00,1.099163788227e+02,6.780951938532e+00,2.548916483135e+00
2.375650292935e+00,5.240835678943e+03,4.753159622672e+00,7.818026436710e-02
1.574343465978e+01,6.595820200415e+00,2.963030837593e+00,1.374208240563e+00
4.695120948025e+00,3.419558906242e+02,1.031363799319e+00,2.858919696298e-01
8.779654680965e+00,8.529984010109e+01,6.042605397809e+00,2.796573758319e-01
1.027201686082e+01,1.841279478889e+03,3.530369231899e+00,7.782917083801e+00
1.038546558424e+01,2.294700195379e+03,5.852609878429e+00,3.859914256678e+00
1.363407468222e+01,2.445691488895e+01,6.794849250579e+00,6.752155462405e-01
7.430550587351e+00,8.973409693712e+01,3.538859568377e+00,4.157771316851e+00
1.211575604597e+01,2.259864264898e+01,2.539066042835e+00,1.680903912418e-01
1.870049365027e+01,8.800384389182e+01,4.862762116522e+00,3.784769969709e+00
9.111635901458e+00,1.676242681563e+02,3.755196635978e+00,1.386116933041e+00
8.360766600439e+00,1.650221065765e+01,2.684895516675e+00,1.453547979474e+00
1.091349916990e+01,5.763128773828e+01,3.834306215959e+00,7.526092469511e-01
1.408760815590e+01,4.918322888690e+01,5.680585053564e+00,7.030236594142e+00
1.831687130541e+01,2.122433717839e+03,3.055891351397e+00,1.463991831371e+00
4.555983137741e+00,3.104269160918e+02,4.792577438755e+00,1.817472041503e+00
1.506115801420e+01,1.140156368854e+03,2.585692736419e+00,1.338813728120e+00
1.538135715832e+01,2.799785524382e+03,3.586929637331e+00,9.672028922331e-01
8.907987060813e+00,4.621641993518e-01,6.931742278284e+00,1.622526435381e-02
1.186411965626e+01,6.279400052107e+01,5.105668541377e+00,1.406113354724e-02
1.385946117020e+01,2.983718838021e+00,6.943337770104e+00,2.905134043412e+00
2.768584762773e+00,9.218086830029e+00,5.573983455858e+00,6.477621191845e-01
1.402042820892e+01,2.091724292175e+03,1.474037528551e+00,2.687593638847e-01
4.884127723451e+00,8.852120292466e+01,1.497439312771e+00,4.978873513606e+00
6.655454062713e+00,2.020164000472e+02,4.305439867290e+00,4.492087772746e-01
1.289959356596e+01,1.031222746688e+01,1.690306561505e+00,8.507420863236e+00
8.999631366321e+00,2.293478296114e+03,1.363779521297e+00,1.366900463045e+00
2.147248067231e+01,5.925590854207e+02,2.440079558547e+00,5.080875138401e+00
9.356510313939e+00,1.506443112564e+01,6.884469700280e+00,9.656611454611e-01
7.148313265133e+00,1.451109103881e+03,3.281076461280e+00,3.294760711956e-01
7.217114739370e+00,2.445770175564e+01,2.472854576101e+00,4.279692114599e+00
5.825224844543e+00,3.645626645423e+02,4.898571812526e+00,2.336959579371e+00
9.003261106626e+00,1.086125856745e+03,3.970524821544e+00,2.573368762960e+00
1.170631033424e+01,3.957910055185e+01,5.422685239402e+00,1.402619902781e+00
4.907542683902e+00,8.059517674415e+03,5.068590431883e+00,8.072924479521e-01
1.183253093364e+01,4.296627446109e+02,2.544829980600e+00,3.282025542624e-01
-1.872913859978e+00,3.783103401065e+02,6.636721502379e+00,2.694540919481e+00
8.938781683827e+00,1.288866656346e+04,6.730162605980e+00,7.272580214628e-01
1.427109080108e+01,6.236548173499e+03,5.743832910331e+00,6.557931583389e+00
1.213320918788e+01,5.501871442576e+02,4.202914081704e+00,1.763690531344e+00
5.995646204467e+00,1.039199976960e+01,2.401943961103e+00,7.112547670026e-01
8.351768431428e+00,1.046923498402e+03,5.860318786807e+00,6.898132940992e-01
5.480031511564e+00,8.993939557394e+01,6.734088232585e+00,2.400723958243e+00
2.426592886323e+01,2.589594119213e+02,3.456668181149e+00,3.147686407566e+00
9.378894725556e+00,2.071338416700e+01,1.369187741873e+00,1.013843194664e+00
1.101683056979e+01,6.409557356720e+01,2.837826416597e+00,9.688518591557e-01
2.704975974338e+00,7.983164847788e+02,2.533803916620e+00,1.207469388703e+00
1.857947957417e+01,2.222519650255e+02,1.823646393530e+00,4.559043875347e+00
1.141477039959e+01,4.784597499201e+03,6.717214330957e+00,1.481501174687e+00
7.291877208830e+00,9.377187001656e+01,5.793405270564e+00,1.300729121672e+00
9.092730156154e+00,5.074823418227e+01,2.287821186183e+00,1.309342134942e+00
7.817323289131e+00,1.673414995116e+02,3.543765225581e+00,2.371622250754e+00
6.017028596638e+00,2.489249333936e+01,5.435393129559e+00,1.540851721288e-01
6.077112970603e+00,1.450701119022e+03,3.435364516191e+00,2.399115588463e+00
1.402024411536e+01,1.609032053927e+01,5.133898285799e+00,4.483042807021e-01
1.720974666671e+01,7.478550987313e+00,5.714901974071e+00,4.529223812789e+00
4.286052152657e+00,1.992473980604e+02,2.359063730681e+00,4.733136160832e+00
1.227498941765e+01,2.255776321161e+01,6.220071169955e+00,7.598844979831e-01
7.336665210058e+00,3.745742269377e+01,4.810492992586e+00,6.631307435029e-01
1.400511018032e+01,1.142039974221e+01,4.576645734353e+00,3.266526451284e+00
1.542662174265e+01,1.575077180216e+01,4.792791780002e+00,2.305017660047e+00
1.075039054940e+01,4.474814339425e+02,5.981600808291e+00,1.862433656603e-01
4.141722353859e+00,1.818670265049e+01,2.330418629411e+00,2.205895630063e+00
4.934774203265e+00,1.206367387148e+02,4.641680031011e+00,2.524841854811e+00
7.567303138543e+00,7.778682224686e+02,3.416697890429e+00,3.090785980577e-01
3.681516190927e+00,1.764795877092e+02,2.621903892806e+00,2.693830632379e-01
7.902412858504e+00,2.727540525120e+02,2.532402895110e+00,5.129705095949e+00
8.821494358935e+00,1.864133424560e+02,2.995230537176e+00,3.783821331908e-01
1.517836525864e+01,2.689218611055e+01,6.421715876814e+00,3.083495404101e+00
1.090601279015e+01,1.119784268593e+02,6.348002819371e+00,1.553975109468e-02
3.045799608645e+00,1.676763021712e+02,1.538981128383e+00,5.955118958930e-01
1.100662875102e+01,1.093404819364e+02,6.602809058743e+00,2.456104482519e+00
8.565869442115e+00,4.171296379769e+01,6.097715880976e+00,2.229892730988e+00
1.503573823249e+01,2.473714058382e+01,3.094822825331e+00,3.078101052884e+00
5.486646165203e+00,2.031990610429e+01,2.748022281865e+00,7.661948006295e-01
1.185199232630e+01,8.756983898369e+02,2.185245078074e+00,1.276556305371e+00
1.118953734068e+01,2.131583479421e+02,1.645058786566e+00,2.357056884347e-01
8.447019527353e+00,3.185208757061e+01,6.543759664462e+00,2.808176018392e+00
1.109230639092e+01,2.167068708524e+03,1.983067717019e+00,8.077792863018e-01
3.089738608852e+00,2.025692235697e+01,3.019016260808e+00,1.090792477953e+00
5.751467889464e+00,1.423185819348e+01,5.155540052167e+00,1.443565530505e+00
9.808904341337e+00,1.067356154899e+02,2.075476185991e+00,1.456392547498e+00
1.207887919382e+01,1.984181436455e+01,3.564297762405e+00,3.744887040091e-01
1.418295261736e+00,1.912946787511e+02,3.401589043677e+00,3.340589054392e+00
1.317806338252e+01,4.243222870592e+00,3.211220384149e+00,1.067047255490e+01
1.465009591846e+01,2.955015426027e+01,1.598133816821e+00,5.563816828618e-01
1.222476205392e+01,2.235625747438e+02,2.285619841469e+00,2.843586927437e-01
6.958045565338e+00,5.995014978905e+01,6.846146653619e+00,1.499301185922e+00
8.785813026556e+00,9.041097861001e+02,6.837175812805e+00,1.872025919023e+00
6.865023052710e+00,4.664123065262e+02,6.252244997009e+00,2.039288424169e+00
6.600963202771e+00,1.622918142648e+02,2.656084105189e+00,7.407149685634e+00
8.382809858411e+00,2.394124303051e+01,4.150410882395e+00,1.735471422626e+00
1.270665763326e+01,3.283608070446e+02,2.636662892654e+00,2.785418644558e+00
1.075671557185e+01,7.496255517459e+01,1.321797758499e+00,2.309135964383e+00
1.746880562851e+00,5.635612063387e+02,3.102305126083e+00,3.800338532821e-01
2.147555360748e+00,1.923933711237e+01,4.004311509102e+00,2.569276655088e+00
3.469408283304e+00,1.006255850018e+02,3.741559791578e+00,1.204025726616e+00
1.887855002099e+01,1.958109908051e+03,1.928170479163e+00,1.127885372268e-01
1.183022524067e+01,2.161371734757e+02,2.354488918840e+00,2.006469202153e+00
1.558383900459e+00,4.340941878957e+02,3.476395275189e+00,2.075675576602e+00
1.342853489054e+01,1.383715623442e+01,6.261482616506e+00,6.269995440394e+00
5.282088201422e+00,1.014750585487e+01,6.926395359375e+00,2.439910039130e+00
1.575639755550e+01,1.121858607834e+01,3.863758541423e+00,7.715525582182e-01
1.282040204779e+01,3.933004993066e+02,4.571108835070e+00,9.489076310768e-01
-6.767465330705e-01,4.584025373959e+01,4.687635496143e+00,2.371072348566e+00
4.823631598955e+00,1.917285947262e+02,2.816382133733e+00,7.136011782375e-01
-4.679253614233e+00,3.360456339279e+02,2.998270020973e+00,3.934146147830e+00
1.197252009940e+01,2.063451745577e+02,6.062697143186e+00,6.540939548031e+00
8.701311061370e+00,2.633349494603e+01,4.453288302729e+00,1.722536939730e+00
6.675924696309e+00,1.408125125090e+02,3.463252475535e+00,3.495359829161e+00
9.883433703227e+00,4.090710774183e+02,1.407303411986e+00,1.335172895254e+00
1.107425744945e+01,6.331543636997e+02,3.953843007322e+00,1.163727818833e+00
5.035635394856e+00,2.718322175962e+03,1.880770632592e+00,1.613373217751e+00
1.213410265304e+01,2.122055648366e+01,1.594174801963e+00,6.482695032642e-01
7.151836589007e+00,1.038194487255e+04,4.580113126687e+00,3.464820444524e-01
1.852538434071e+01,9.600536638690e+00,4.096186092134e+00,6.703725588746e-01
1.079260772245e+01,8.033771298583e+01,3.880835933647e+00,1.164411350091e-01
8.576155006413e+00,6.839126760666e+01,3.085726878714e+00,1.112227898374e+00
1.105604723745e+01,7.137858840251e+02,4.734910930727e+00,1.222403456775e+01
1.880265081867e+00,1.551169716693e+03,1.219887762656e+00,3.306381535793e+00
1.390492860116e+01,1.394223316311e+04,5.924615452856e+00,1.029133307177e+01
1.414843706702e+01,5.537088538640e+02,3.849110404359e+00,2.335776408911e+00
1.923704378172e+01,7.722147540789e+01,3.566234455490e+00,4.000801019907e-01
1.318314626120e+01,1.641197806767e+03,3.171738687986e+00,3.625675032677e+00
5.761180633630e+00,8.243558096547e+01,3.726573204580e+00,1.011086445864e+00
1.078577824807e+01,6.669889162379e+00,4.830213377210e+00,4.909773484730e+00
6.038688810078e+00,4.494851158885e+02,2.288729750978e+00,4.630140596701e-01
1.292222011291e+01,2.550168448245e+02,1.646915830783e+00,1.503785661758e-03
1.812349091232e+01,1.342516108877e+02,6.412515515351e+00,8.271045439346e+00
3.243031048152e+00,1.980710252667e+02,1.434321310235e+00,1.470226256592e-01
4.126044876661e+00,8.954668525521e+02,3.337943001830e+00,4.520163719505e-01
6.756513426742e+00,1.096275277604e+03,5.012691525824e+00,2.049623066784e-01
9.187589040514e+00,5.006418036009e+01,2.235538637699e+00,1.682965418870e+00
5.687359548155e+00,1.827765349404e+00,6.908405465555e+00,1.060870297536e+00
8.960263628682e+00,3.137831559745e+02,5.798918651587e+00,8.319848576241e-01
3.791617849673e+00,1.205246134705e+00,6.395747746694e+00,2.097525169004e-01
7.500546358793e+00,1.066800262809e+02,2.526958559789e+00,4.736291344418e-01
6.966209593015e+00,4.574135440212e+01,2.110419778083e+00,2.250316851571e+00
1.373524049492e+01,3.945061907705e-01,2.353034080231e+00,5.913442690574e+00
1.309164521442e+01,1.163504396805e+01,3.946969563150e+00,2.405974232716e+00
5.909940670980e+00,7.766488339703e+02,5.254671011692e+00,2.508760812861e+00
-9.379590922349e-01,4.473439890651e+00,1.850387721008e+00,4.401463824827e-01
7.467300672230e+00,6.129781172461e+01,6.325524544377e+00,3.691011207662e-01
7.141468285351e+00,4.732900130928e+00,1.238199280559e+00,4.825151813992e-01
5.357528406379e+00,4.178733178994e+03,3.632870917580e+00,5.425588289565e-01
1.610839818109e+01,2.441933120457e+01,2.140925138475e+00,8.260720627824e-01
8.980362862288e+00,7.622384816511e-01,5.567487066067e+00,5.852472282411e-01
8.775225322985e+00,2.224610167683e+02,2.337214740585e+00,1.589400891295e+00
1.382048814764e+01,1.747857411332e+02,6.226798523693e+00,8.267967407063e-01
8.703913008635e+00,5.728507368057e+02,5.746482468188e+00,4.510729470266e-01
7.178500416553e+00,2.779147566044e+02,5.797358848813e+00,2.291663153555e+00
9.405739274949e+00,3.799327165343e+01,5.231907079588e+00,8.345219026624e+00
5.383231391787e+00,3.632678895168e+02,4.654394929358e+00,4.825879780133e-01
1.754356849502e+01,3.902427638827e+02,5.335162807962e+00,6.563035752432e-01
2.074149439945e+01,8.215858001976e-01,3.003355977175e+00,4.103011785576e+00
1.283479595790e+01,2.371064112005e+02,4.846194437506e+00,3.852879680774e+00
5.143580639206e+00,2.982998056023e+02,6.105698874667e+00,6.659070352536e-01
1.339710656271e+01,6.788862572833e+01,1.014517787858e+00,1.167169453444e+00
6.388596487395e+00,6.527725587962e+02,3.109684871789e+00,9.588275124484e-01
6.210081969062e+00,6.502088054616e+02,4.559696340691e+00,2.621482212891e+00
7.903656363741e+00,1.761932382140e+02,3.899428120708e+00,4.083382759398e+00
1.454373765739e+01,1.298591887113e+02,3.861952900250e+00,3.542666978252e+00
1.016323690367e+01,1.687976162915e+01,6.900437803306e+00,1.391214357401e+00
1.231267053541e+01,4.043419076428e+02,4.710765531296e+00,2.785000969226e-01
1.655216416953e+01,3.404720126967e+02,5.225066216085e+00,3.828540639578e+00
2.030951117182e+01,5.923383816845e+00,6.370694266817e+00,1.704805584032e+00
1.230850551834e+01,3.930689341213e+01,4.579202731376e+00,2.486797727523e+00
9.762498306198e+00,1.479350581374e+02,4.852909793875e+00,5.033100402802e-03
8.704227816489e+00,2.958043401093e+03,4.506093063709e+00,4.348842942898e+00
1.415469705810e+01,1.036019202665e+02,3.465243721255e+00,3.964556397852e-01
6.711671755728e+00,3.612554161553e+02,5.775041967101e+00,1.737227134103e+00
1.911800047396e-01,1.931371003500e+01,6.150973724578e+00,1.280308987661e-03
1.128101047886e+01,2.248077789906e+03,2.663710474177e+00,1.697510992095e+00
1.099728105071e+01,5.360280827710e+00,1.886664769214e+00,4.313550046595e+00
1.141962318540e+01,2.602667962455e+01,2.894393976457e+00,5.787850637809e-01
-4.000063153519e+00,4.801548953641e+02,6.399758549417e+00,2.654308073382e+00
2.557648821395e+00,3.638336286771e+02,5.300654428774e+00,6.976703187586e-01
1.234772559591e+01,9.801625028767e+02,1.158257870694e+00,9.289501837656e-01
2.929375793552e+00,3.453749792389e+01,3.236183242700e+00,1.424361830329e+00
1.000568990125e+01,5.906447799179e+03,2.250744988483e+00,3.012262863048e-01
1.036555347149e+01,2.804093594494e+02,2.626549020917e+00,5.735820050200e+00
7.364013038729e+00,1.193347116617e+02,2.632662101010e+00,9.223328379603e-01
8.624273529333e+00,1.868845134840e+02,6.749593551677e+00,2.723298465100e+00
1.115284990001e+01,8.396584871395e+02,2.814701085836e+00,7.311045583630e-01
1.194488450994e+01,2.732698283025e+00,3.309880509142e+00,1.466108072932e-01
1.988856304220e+01,2.142204350617e+02,6.362450062349e+00,1.915572988992e-01
1.415947377862e+01,1.097198901915e+03,6.674743000662e+00,1.789009469655e+00
7.498082867868e+00,1.598516144212e+01,5.248214750362e+00,1.049698867811e+00
1.358142281752e+00,1.502595275073e+03,3.463093326692e+00,8.139498321570e+00
1.009283935295e+01,1.731050708747e+02,2.719912091084e+00,5.892353666661e-01
1.000553354380e+01,7.576275593787e+02,3.135806857211e+00,1.493215815619e+00
1.493335224637e+01,1.063487489701e+01,5.493568096509e+00,4.914238769662e-01
7.936056015962e+00,4.142676330660e+01,5.623322358388e+00,3.446707736663e+00
4.715477357924e+00,3.197435539723e+03,4.072407321171e+00,3.731379159215e+00
9.391387941669e+00,4.828196580720e+02,6.791395239264e+00,2.193936681632e+00
9.187333547572e+00,2.702937560735e+02,5.042436881648e+00,3.784784971647e+00
5.825047681783e+00,2.288239953438e+03,3.040020420517e+00,3.486118158146e+00
1.012508436062e+01,1.180271788700e+02,3.053731061229e+00,8.321823521384e-02
7.717903500722e+00,1.586196295018e+02,6.880342734036e+00,1.049365630177e+00
1.110327262993e+01,6.017571297245e+02,6.518446900646e+00,2.104172754655e-01
8.407505799675e+00,3.819448081792e+01,5.222241419966e+00,1.690124666187e+00
8.871921252244e+00,3.940322402135e+02,5.949977195416e+00,4.151208779299e+00
9.880453657730e+00,7.739494483721e+02,5.330406511968e+00,3.378777240522e-01
7.790250995617e+00,1.230784796273e+03,1.546672220239e+00,1.742653466776e-01
8.680041065151e+00,3.302986771347e+02,5.220664225605e+00,4.629329424856e-01
1.524525382631e+01,9.172893454400e+01,3.492981168596e+00,2.412220293939e+00
5.065371933907e+00,1.033571679617e+01,4.114983941829e+00,6.640124295182e-01
8.790925758945e+00,4.383597818126e+00,1.414806569657e+00,3.150520378444e-01
2.212782352192e+01,1.231829301120e+02,2.327468375117e+00,3.161268374528e+00
6.368187713323e+00,1.819931360860e+03,4.481046205151e+00,9.333737095958e+00
1.025445791364e+01,5.196983384442e+01,2.663329430454e+00,2.301592920724e+00
5.888426032521e+00,7.633755414852e+03,2.503649691623e+00,9.733486739028e-01
9.894646983927e+00,1.491685162376e+01,1.270881856949e+00,2.206906887870e+00
4.563402799306e+00,1.082085937233e+04,4.302411740378e+00,4.686137296398e-01
6.436794497544e+00,1.990985774995e+01,5.951834282460e+00,2.781419842575e-01
1.455671336174e+01,1.073673329858e+03,5.303772232363e+00,6.089193885376e-01
1.055210274749e+01,1.213162926357e+00,5.144228669223e+00,4.538949838633e-01
1.417014436560e+01,7.696734480617e+02,6.683102632460e+00,2.266433441262e+00
1.100712713249e+01,6.926552757342e+02,3.040883549167e+00,8.695317582149e-01
4.124726719990e+00,8.928438498880e+02,6.279203411880e+00,5.103423644580e+00
-1.181066646403e+00,8.476525874077e+02,3.366688742581e+00,2.127045986563e+00
1.391551115018e+01,1.152145078207e+02,5.441021392644e+00,8.292329059451e-01
4.236192890248e+00,2.200223206063e+02,4.565094077871e+00,1.388022708286e+00
1.285522295424e+01,1.049682098534e+03,5.489618937738e+00,6.181133625218e-02
9.664695514660e+00,1.692798005722e+02,3.591531341046e+00,2.405204779871e+00
7.266654243651e+00,6.409019635370e+01,6.758328161937e+00,5.129772280435e+00
1.893694758620e+01,2.528479332449e+01,3.439954038735e+00,4.497193689587e-01
3.630854003843e+00,1.763676554855e+03,5.437686272659e+00,2.045860643360e-01
1.932037665765e+01,1.839791225630e+02,1.325937662928e+00,2.170877576672e+00
-1.276830375972e-01,2.328411963376e+01,2.326547655711e+00,4.277536803600e-01
7.986163459029e+00,7.741415903893e+01,5.609614289310e+00,3.417036727082e+00
5.914093267912e+00,1.206564845157e+02,3.387767721224e+00,3.239291835895e+00
1.170156416823e+01,1.331810709695e+03,4.969781725288e+00,1.488977760278e+00
9.541758238751e+00,2.134373322535e+00,4.192706204373e+00,1.133635892015e+00
1.408918510261e+01,2.756095585774e+01,6.632415836124e+00,2.764600577141e+00
1.189748286152e+01,5.240525251909e+01,3.045703372359e+00,3.183618113739e+00
4.796240382642e+00,5.598293660989e+02,4.667855323072e+00,3.746948665975e+00
1.940480110379e+01,4.131337571421e+02,1.873444190894e+00,1.527759248026e+00
2.707994072214e+00,1.203799666085e+01,6.332044578649e+00,3.646262893721e+00
6.834383552198e-01,1.777483440356e+01,6.672227123013e+00,2.985493512533e+00
4.272757786883e+00,7.089978912784e+01,6.544713281381e+00,3.995559147117e+00
4.901295284514e+00,1.026431990759e+01,6.078821186567e+00,1.513228515803e-01
1.532518713699e+01,5.724159327699e+01,1.799624705942e+00,6.994992271593e-01
1.279896151082e+01,5.726430037165e+01,1.860339237447e+00,3.791883704492e-01
1.128193505747e+01,3.569816856108e+01,4.757286788283e+00,2.423872532275e+00
1.363416992273e+01,5.026667943527e+02,1.566254685937e+00,4.503852983203e-01
4.125034541032e+00,7.589121741142e+02,3.624337296093e+00,2.152967324434e+00
8.207489125033e+00,4.162351188513e+02,1.929086916009e+00,3.439367287905e+00
1.545889233144e+01,2.778399654204e+03,2.748837272525e+00,3.712330760741e+00
1.204025127270e+01,7.680884361062e+00,1.501019434111e+00,2.798253421412e+00
9.758066464981e+00,3.560318271985e+02,6.512567687629e+00,1.390526231172e+00
1.036322862440e+01,2.348096064982e+01,5.003628533538e+00,9.692055772477e-01
-4.108060663348e-02,6.260994364345e+02,2.459390241497e+00,8.751760545621e-02
1.055596069643e+01,7.235758641504e+01,4.246014414719e+00,3.332773402426e-01
5.246271531743e+00,4.441392189404e+01,2.498580065702e+00,1.570095061219e+00
1.665576624304e-01,1.706665750598e+03,1.859022931970e+00,1.095026368425e-01
3.624232101800e+00,1.511517501703e+03,3.807637484250e+00,2.071810135898e-01
1.096160080544e+01,3.434726173268e+01,6.294596087281e+00,4.539837845638e+00
1.324871068151e+01,9.896053319670e+02,6.301703332718e+00,8.416912766156e-01
1.320936076324e+01,4.047006134724e+01,3.076898152649e+00,2.627238350964e+00
6.870147640064e+00,2.062464460788e+01,1.908303469237e+00,2.848717168894e+00
1.636867958767e+01,8.476319895068e+01,6.368098199778e+00,3.758634323843e+00
1.067058880713e+01,3.373210085128e+02,5.670969501308e+00,2.599560124353e+00
8.394860433593e+00,9.494932689466e+00,4.162786062711e+00,4.223550537181e+00
5.936720084011e+00,8.138971087249e+01,5.400487743700e+00,1.157481461771e+00
8.921273811689e+00,2.157498294310e+01,1.711203285735e+00,1.161914692768e+00
1.944925163479e+01,6.853037652792e+02,6.238032445231e+00,7.820185820935e+00
1.378752327290e+01,3.886064666847e+01,5.025490899849e+00,5.104870483086e-01
9.095723565934e+00,4.485163173819e+00,3.754856337192e+00,1.155541011830e+00
1.089653542377e+01,4.307713506981e+01,2.554814530307e+00,2.379998350017e-01
8.489768951874e+00,9.754752469629e+02,3.256243948655e+00,2.611678185486e-01
1.130084850631e+01,1.341250788627e+01,5.803483715126e+00,4.843283445979e+00
1.898431572560e+01,8.498893080967e+02,4.315683067122e+00,1.216685005203e+00
1.747350310457e+01,1.069866397521e+01,4.578154894080e+00,1.030307714936e+00
8.361194891947e+00,7.496066012718e+03,5.619653466286e+00,3.262287341657e+00
1.091033430740e+01,1.045161619974e+01,2.513096887750e+00,9.552916661369e+00
5.975259547962e+00,6.078857708013e+00,4.664385201613e+00,8.822968324603e+00
1.360153761093e+01,5.025714855170e+02,4.542310420524e+00,6.057713772298e+00
9.200460120253e+00,4.679691805314e+03,1.529629071376e+00,1.143295011222e+00
9.866506987276e+00,1.357192298299e+02,2.239433023337e+00,5.151719658709e+00
1.038029957942e+01,6.488495179193e+01,4.176007734290e+00,5.070305104387e+00
7.294808646371e+00,8.527759791535e+01,1.011212582065e+00,4.889766116146e+00
8.383826377175e+00,4.025652180665e+01,3.300033322408e+00,3.710725897988e+00
-3.275160467656e-02,2.735948953961e+02,5.992165126360e+00,1.571333503521e-01
8.166175590360e+00,7.298609258636e+02,3.228694737476e+00,3.939974477918e-01
9.656391349356e+00,3.543953301527e+03,5.085758871650e+00,3.273188616420e+00
4.610619335359e+00,1.925822920011e+02,6.298621448150e+00,1.444744680515e+00
1.417183224621e+01,2.057406017522e+00,5.827033741429e+00,5.465568293452e-01
1.788547262377e+01,4.542074898556e+00,4.058214937741e+00,5.960073862314e-01
-4.780793969809e+00,5.269428766274e+00,1.206754428530e+00,1.775432603031e+00
6.620011676917e+00,1.970409974670e+00,5.489013303762e+00,5.590799184549e-02
1.314675808402e+01,1.648265017299e+03,2.205151648785e+00,1.602532012125e+00
8.001613860302e+00,1.181033529140e+04,4.879737626157e+00,2.677813835210e+00
2.057499023606e+01,1.585129647414e+03,1.885372360610e+00,1.744111627242e+00
6.405400990437e+00,3.042098924571e+02,4.691523764669e+00,2.893662884085e-01
1.322275454777e+01,5.008661479685e+01,6.902008924864e+00,6.548047532266e+00
5.809518149831e+00,1.192723897817e+03,5.048572148060e+00,2.312624663737e+00
3.322758523296e+00,4.884192840248e+02,2.738675552277e+00,2.992532537732e+00
1.497403674571e+01,1.559404194568e+02,4.666651169237e+00,5.790811845090e+00
1.530244136292e+01,2.289204008331e+02,4.860941944080e+00,3.852830933360e+00
7.387063051301e+00,4.008942787390e+01,6.874764957331e+00,1.125866597488e+00
1.424851822143e+01,1.284679868709e+01,2.074184112353e+00,5.398658067572e-01
1.013653752656e+01,1.446882924822e+03,4.839880554746e+00,2.212852436349e+00
9.327392317423e+00,5.106056311728e+02,6.928281925875e+00,7.450244675707e-01
1.894847203641e+01,2.398464710794e+01,6.244784703151e+00,2.107578654611e+00
1.256204778266e+01,8.554302287595e+00,6.841059179277e+00,7.518187247536e-01
4.931531825600e+00,2.456233121479e+03,5.756409829241e+00,1.439568427566e+00
1.383546928202e+01,2.699128077516e+03,5.207858780448e+00,2.906167811379e+00
1.520605548049e+01,7.997537231756e+02,1.795574153338e+00,6.646915823912e-01
1.500208725825e+01,1.456828105608e+01,1.218382717870e+00,1.078377142493e+00
1.348543759037e+01,8.555538459911e+01,3.348563876213e+00,3.734898462293e+00
5.393554103792e+00,8.486389437169e+00,6.955321761687e+00,2.995903257167e+00
2.698712491100e+00,2.118706679595e+02,4.292434295246e+00,1.200345655514e-01
5.555599385377e+00,3.685052697341e+01,4.280207352383e+00,1.382155625416e-01
8.512031334958e+00,3.234302916029e+02,2.478152900560e+00,6.469174657060e-01
3.869759388770e+00,1.665674154893e+03,6.862846079305e+00,1.551594227491e+00
5.499730762889e+00,8.313637177175e+03,6.849790873391e+00,5.013818243076e-01
1.238868199815e+01,2.735529207495e+03,1.854596052759e+00,1.619874638652e+00
1.455082311882e+01,1.141923644781e+02,2.873367298301e+00,8.504572469303e-01
6.400164363491e+00,1.961045718085e+03,1.622727529689e+00,8.202584260320e-01
5.014281872354e+00,4.890291228949e+01,5.127121034448e+00,2.285526905447e+01
1.409276279646e+01,1.433019338657e+00,2.388787240662e+00,4.072613313130e+00
7.210650121833e+00,1.263388037861e+01,6.541969842184e+00,2.190573059879e-01
1.255997057738e+01,2.268095155232e+02,1.608790656402e+00,6.283629378657e-01
1.023705132117e+01,1.259508748841e+02,3.818713805579e+00,1.985223459766e+00
1.928985443506e+01,3.529322931237e+02,6.775146845959e+00,3.815064478888e-01
9.537051454870e+00,4.499727146141e+01,6.849832329817e+00,2.320089818474e+00
3.445914159567e+00,3.588534664552e+02,5.313366900452e+00,7.615928296012e+00
1.962699729923e+00,6.559862092498e+01,4.438260699575e+00,1.350443189397e+00
7.415376403250e+00,1.588991190994e+03,4.686508278850e+00,3.763719843889e-01
1.191039546858e+01,5.825946624697e+02,1.877181273311e+00,9.996333498988e-01
1.476169335583e+01,3.124947940964e+01,3.007595665646e+00,2.077936479320e+00
2.245527904198e+01,2.539503957884e+02,4.541463064749e+00,8.509456823155e-02
1.105455319738e+01,1.502868944009e+02,4.221283450781e+00,9.206057220075e-01
1.502720930196e+01,2.684311255307e+01,5.755528087804e+00,3.365989276233e+00
1.011114393661e+01,2.552548585741e+02,5.896523809386e+00,3.026596355449e-01
1.106393515743e+01,1.789219271491e+01,5.514472084227e+00,2.391837403554e-01
1.044895996179e+01,2.720991266997e+02,6.738833402287e+00,5.750427262392e-01
7.463221602934e+00,7.204421708551e+02,1.788085139285e+00,1.452783150061e+00
1.568606956887e+01,6.624891202558e+02,6.131194042565e+00,6.201589543462e+00
2.069473225313e+00,3.576865880539e+00,5.733982959509e+00,1.529311692567e+00
5.772216862964e+00,2.203577262551e+01,3.383833956166e+00,3.000081655758e-01
1.451415523683e+01,1.181337727430e+02,4.897823487557e+00,2.515952341670e+00
1.534380786314e+01,7.089114048473e+01,5.020439987580e+00,6.727698763087e-02
7.133017306510e+00,3.527117026745e+02,4.061795442049e+00,1.039643245297e+00
1.736462554006e+01,1.666173370208e+02,3.261582746346e+00,1.041694507781e+00
2.094602025790e+01,4.274281328152e+01,4.788704334679e+00,7.932672639953e-01
8.331667051817e+00,2.891700631143e+02,1.715954477180e+00,9.867789588388e-01
4.235219231451e+00,4.172334503835e+00,2.129794152051e+00,3.903748778155e+00
1.162047992595e+01,3.227709724026e+03,3.305272163385e+00,1.356288522061e+00
8.786493886618e+00,3.384106542865e+00,5.947468934621e+00,3.845823475956e+00
1.005314460415e+01,7.171522926849e+02,3.946013828137e+00,4.364125876950e+00
1.037362236283e+01,3.127215243198e+00,5.615558831250e+00,2.052293259278e-01
1.097222879719e+01,2.177801263639e+02,6.732329916810e+00,1.422707041153e-01
1.354136323600e+01,4.149704778823e+03,4.530252239725e+00,2.501955966405e+00
1.356682997414e+01,1.077761164371e+02,1.341149773238e+00,1.827419665646e-03
1.175820855613e+01,4.730661416241e+02,6.103346303881e+00,8.215560729032e-01
7.909114416129e+00,5.122665586612e+01,5.741729124390e+00,8.338939452205e-01
9.361669544121e+00,9.110134054785e+01,5.052173255554e+00,5.108908439651e-02
1.079400388782e+01,9.672076640002e+02,2.887729511540e+00,2.351705225667e-01
1.203443253272e+01,2.363810641997e+02,1.616473462091e+00,2.662473647071e+00
3.595361330658e+00,9.455326604506e+01,1.471320362659e+00,2.241977947572e+00
1.587712548771e+01,7.957822447328e+02,6.963658061097e+00,1.061042420386e+00
1.518163252789e+01,7.988426853015e+02,3.394587236624e+00,2.253674722434e-01
1.325094154602e+01,1.008955617366e+01,6.582469872511e+00,2.312933400439e+00
1.531050669357e+01,4.907236005502e+02,3.992676804836e+00,1.377359591412e+00
1.278831039439e+01,1.821524171002e+02,5.942787627887e+00,1.117196718527e+00
2.490616583256e+00,5.496428783695e+01,2.788822075399e+00,2.188529769133e+00
7.853017411036e+00,3.584721445751e+02,4.919493064632e+00,1.204454300383e+00
3.186627362171e+00,1.881510148746e+01,5.910403299022e+00,8.321667014018e-01
1.022347097609e+00,1.245781195233e+01,2.494048662865e+00,6.843468534724e-01
6.244088759360e+00,5.309118389735e+02,6.910807398876e+00,3.570624782473e-01
2.869557111660e+00,1.661648315968e+03,2.189925835196e+00,3.875464426780e+00
1.535739669779e+01,9.817482316705e+01,6.150568270289e+00,1.551127431156e+00
9.327588211049e+00,2.552452722536e+01,4.486338369323e+00,3.450298238903e+00
4.374419006494e+00,1.878662190220e+03,2.481791276500e+00,3.835388770572e+00
1.874763019068e+01,1.987493347717e+02,2.467282926245e+00,2.172513610393e+00
1.555479002155e+01,3.028815688250e+02,3.970765352381e+00,4.343110415090e-01
1.017863803182e+01,3.566247963786e+02,1.298448455908e+00,2.102547194777e-01
9.086949326623e+00,3.306589014310e+01,4.647882815675e+00,3.871866087315e+00
1.569057319449e+01,3.263013265137e+01,2.050895565112e+00,6.611332875036e-01
1.835686797553e+01,5.745595020888e+01,4.796080682764e+00,4.762073085991e+00
9.094642700554e+00,5.099840762357e+01,5.392641982689e+00,1.847870431820e-01
1.412448795147e+01,1.315442529802e+03,3.118337370144e+00,2.594015922604e+00
6.600535357803e+00,1.498294846666e+00,2.512721846188e+00,1.158007199795e+00
9.782535054807e+00,4.521853973269e+02,5.297537919233e+00,5.745287227237e+00
7.524200323830e+00,1.953745837658e+03,6.988028038913e+00,4.063836446944e+00
1.392893064586e+01,1.787862332526e+02,2.118551897680e+00,2.307108880368e+00
4.677327217153e+00,7.783948560152e+03,2.194629222677e+00,1.015740337529e+00
1.829956630539e+01,3.390695867040e+01,5.189236416436e+00,3.935741219076e+00
9.148810712151e+00,5.853638291759e+02,2.692050553330e+00,1.757507770839e+00
1.587913068173e+01,3.241965201271e+03,1.374527600890e+00,3.129469652232e-01
1.065721680702e+01,9.397478445615e+01,3.589117901863e+00,4.914951055570e-01
1.343382705734e+01,4.035795965044e+02,5.406051150757e+00,9.552413518169e-01
1.173994947411e+01,1.199799080711e+02,5.336876919604e+00,9.433821039482e-01
1.192871673194e+01,5.518386560140e+01,3.715790328110e+00,6.352610387063e-01
9.119668926310e+00,8.810794694611e+01,1.107066494629e+00,4.419076892709e+00
1.050809516399e+01,2.232565484483e+02,4.244676781304e+00,1.917035799867e+00
1.254164104299e+01,8.460965437149e+01,2.849589864605e+00,1.996419492864e-01
1.222303876281e+01,2.395376285486e+03,2.702231885985e+00,2.753756894442e-01
6.869023686392e+00,3.363085558739e+02,1.614656576103e+00,2.953728230105e+00
1.833362827643e+01,6.755005552999e+01,5.833530706942e+00,6.489804933705e-01
9.345241386039e+00,6.278438932447e+02,3.957225318614e+00,1.489757750529e+00
8.580070781846e+00,5.306099533746e+02,1.001202213449e+00,2.970273085937e+00
1.052867283109e+01,7.587777709592e+01,6.876688367297e+00,8.929513557152e-02
6.167683940633e+00,9.618159377239e+02,3.861515255574e+00,2.507630110263e+00
1.727306900442e+01,1.759733271989e+03,1.619828477527e+00,5.940624914629e-01
1.034449040041e+01,4.331005813004e+02,2.939156752573e+00,3.945444327240e-01
1.323566595055e+01,2.217062586421e+02,1.312240300860e+00,1.531949242238e+00
2.025186336628e+00,1.191433661108e+03,4.554462853861e+00,7.826488456343e-01
1.056244160644e+01,6.037040759022e+02,1.551036127583e+00,3.350980354921e-02
4.386569623111e+00,7.741223644731e+02,1.388631215171e+00,6.496204991428e-01
9.606328201358e-01,2.687627004082e+02,1.900006206966e+00,7.884644605543e-01
8.977240792691e+00,2.488058009216e+01,4.429095891004e+00,1.145145952101e-01
6.557527464070e+00,4.412546309142e+00,3.842649628171e+00,1.199229001006e+00
9.429551669873e+00,1.434317772044e+03,3.681574630526e+00,4.275180675235e+00
6.804756796141e+00,2.503945540291e+01,4.485011328413e+00,2.131693983566e+00
7.622619317880e+00,7.001480970483e+02,5.716165803014e+00,6.952888386667e+00
-4.367300687168e+00,5.161309941360e+03,3.959859122724e+00,1.896780462042e-02
1.489496516008e+01,2.073013735267e+03,3.799343484963e+00,4.994848622557e+00
7.428589130528e+00,1.999616885691e+03,1.898887623556e+00,2.637710667088e-01
1.304104290991e+01,3.573736751086e+01,2.271235129907e+00,9.343100895617e-01
1.284467441866e+01,6.677640028537e+01,6.246630691673e+00,8.891145523739e-01
9.887199710841e+00,4.827121833749e+02,6.411201379985e+00,4.550436392023e-01
1.073278821840e+01,3.062402185949e+02,3.795726697790e+00,6.442713420116e-02
3.489905884979e+00,1.165105779818e+01,1.640599868353e+00,2.883292460672e+00
1.408378824145e+01,2.083504907024e+00,2.825871157689e+00,3.304425018760e-01
9.057554703276e+00,7.322284701409e+00,5.207633494199e+00,2.068668900065e+00
8.444367241852e+00,7.512705703109e+02,1.861972372902e+00,4.375218338586e-02
1.210398199410e+01,2.439665005842e+02,1.656344608680e+00,3.760803579293e-02
7.898062525799e+00,3.584671669508e+01,5.044820222921e+00,1.308985697667e+00
1.784523120857e+01,1.903623829572e+02,3.762874943024e+00,4.650250155854e+00
9.394176611254e+00,1.293917701701e+03,1.398291165103e+00,1.078728465626e+00
8.586888914840e+00,2.465283023985e+01,5.018336257060e+00,3.194663715629e+00
1.374220877802e+01,4.045978135821e+02,4.908171461777e+00,1.692930504728e-02
1.349190483420e+01,2.315508371303e+03,4.733290605089e+00,8.206641761176e-01
1.223240661027e+01,2.145407501546e+03,1.448808731601e+00,1.089771693167e-01
1.555725641077e+01,6.618076199544e+00,5.938823483326e+00,5.614302135259e+00
8.166843651045e+00,6.694010722938e+03,3.612629266752e+00,1.574812404908e+00
8.387912190531e+00,2.993334606080e+04,3.921452198474e+00,4.488303193505e+00
1.247850990600e+01,1.147315426660e+01,3.239843958725e+00,2.423404457354e+00
1.161993045100e+01,1.598984170401e+02,3.460479384039e+00,1.064751367869e+00
1.427616752442e+00,9.346095100455e+01,4.689322996072e+00,3.448924608563e-01
3.896451302070e+00,2.901713794750e+02,6.446852876276e+00,3.988224325808e+00
7.512808297318e+00,3.365866954340e+02,6.870682718636e+00,3.078535540775e-01
1.593781941700e+01,1.063674856704e+01,4.844607220949e+00,2.907475006730e-01
1.808434152573e+00,1.305121888914e+02,5.015120976953e+00,3.274120950412e-01
1.029115225890e+01,9.656647727631e+01,1.736986427132e+00,5.913192934143e+00
1.088999186321e+00,7.317609156043e+01,1.953200938179e+00,4.728787194616e-01
6.135459729960e+00,6.816429742516e+01,2.692360042988e+00,1.860648514525e-01
9.603061621328e+00,1.090538559470e+01,2.809306898178e+00,3.646045528889e-01
1.006211329368e+01,2.175202982295e+00,2.483214723683e+00,1.795663421906e+00
1.285585096351e+01,1.985832160770e+04,5.988783086502e+00,1.651209241108e+00
1.220992589440e+01,1.247764149753e+02,5.400232953645e+00,1.151283918930e+00
1.125287313032e+01,2.812119922744e+00,6.780941880125e+00,6.606299790963e-01
5.576508918989e+00,1.784935748910e+02,3.681670818552e+00,3.313010526084e+00
8.585306905311e+00,9.796942706121e+02,1.619906544238e+00,5.262346161416e-01
3.762032550631e+00,1.651063572811e+02,2.966257269938e+00,2.485573388019e-01
9.596424492123e+00,2.633467879788e+02,4.401078636834e+00,7.837898206175e-01
1.188988264158e+01,1.308467900304e+02,2.496722631819e+00,1.717857058270e+00
1.628493551197e+01,1.271401983751e+01,4.460110506117e+00,6.179096477521e-01
1.703467841508e+01,2.093307184195e+02,3.627086415298e+00,1.883487300397e-01
3.778826748279e+00,4.924992892164e+02,5.245025248501e+00,3.809868108900e+00
4.845011446705e+00,4.648959030914e+02,4.996453241714e+00,3.162293074703e+00
1.295139748134e+01,9.991130441636e+02,6.083807379939e+00,5.488560473696e+00
7.989378238424e+00,1.564472739740e+01,5.869177129745e+00,4.843903393553e+00
7.099374607988e+00,1.463536432427e+02,5.952765527543e+00,7.283004413404e-01
1.121111389944e+01,3.995876001651e+02,5.214511991609e+00,2.606440520923e+00
1.233814547162e+01,1.060536297743e+01,4.600624521196e+00,2.368217011161e+00
1.027191282547e+01,2.886165558871e+02,3.642803406164e+00,1.060259961502e+00
1.254947307356e+01,9.211836876656e+01,1.156498828840e+00,7.058964136921e-01
2.808882836698e+00,5.315713898067e+02,1.949787669789e+00,8.389909235241e-01
8.201898639322e+00,1.097088158474e+03,4.934018192197e+00,3.422208430001e+00
1.577779031199e+01,1.246219364551e+02,1.719815600073e+00,1.928334922852e+00
5.188066095756e+00,5.233828291857e+02,5.951899463985e+00,1.067570447197e+00
1.308315133453e+01,3.770639916304e+01,3.240799840986e+00,2.897948790831e-01
2.067963571749e+01,2.873337616729e+03,1.371916127178e+00,5.408937447845e+00
8.306610686005e+00,1.801679208067e+01,1.948756368055e+00,3.189767148604e+00
1.857483510250e+01,3.974533212826e+02,1.045862869252e+00,1.506340224502e+00
2.692923619397e+01,6.622908774481e+01,5.313854226282e+00,3.261517217936e+00
1.157541730991e+01,4.212058429599e+00,3.401552378203e+00,8.500464406723e-01
9.838990525816e+00,4.483775274707e+02,3.041184173311e+00,2.545796905854e+00
1.017884896730e+01,9.232213092557e+01,2.800375149488e+00,5.231171574545e+00
3.416329922564e+00,3.625773558268e+01,2.579031488762e+00,6.850274592396e+00
1.384157674613e+01,1.335199959348e+02,6.705997690158e+00,2.259953741674e+00
9.873643536548e+00,1.681430341033e+01,1.306995565047e+00,6.217849030272e-01
1.013210558810e+01,1.585960225091e+02,2.012725513103e+00,2.252647171132e-01
1.099105637911e+01,6.779648450123e+01,4.429786500625e+00,1.892997306021e+00
1.606796294665e+01,4.056042872256e+03,1.472799454554e+00,1.817120864083e+00
1.364842872298e+01,5.320605742066e+01,1.387064421694e+00,1.515712342749e+00
1.096748772127e+01,7.853623509200e+01,6.925862276507e+00,2.177401524516e+00
1.513869825266e+01,1.507072275343e+03,1.484529722747e+00,1.982228109547e+00
1.031842304068e+01,1.644933686957e+02,3.061700559956e+00,1.555691206794e+00
6.737441976542e+00,2.585602652697e+02,2.328560169000e+00,2.205379383005e+00
2.018291846985e+01,3.150377810790e+00,6.061358469879e+00,1.887378940444e+00
1.543120266543e-01,3.567574425943e+01,2.007335429930e+00,9.467418468842e-01
3.037110543103e-02,8.332345002853e+00,6.887352022299e+00,5.088251275753e-02
1.200596534325e+01,1.200171027462e+03,5.859223102384e+00,6.280084423660e+00
2.038840764437e+01,6.915191946991e+01,6.155958952518e+00,1.988273588620e+00
1.021853043450e+01,1.240106855865e+03,4.977733011869e+00,6.420111849874e-01
6.743959122282e+00,4.345591981102e+03,4.608713625923e+00,2.298187097663e+00
1.025688378054e+00,3.114438769103e+03,3.343018397678e+00,3.319965668648e+00
-2.292542343012e+00,2.078615147751e+02,4.521114109128e+00,6.511062480883e-01
1.253938100504e+01,7.073159341157e+02,4.225456960144e+00,3.689078834942e+00
3.650616191964e+00,1.341408714924e+03,5.338730761512e+00,1.180967164642e+00
9.197908419318e+00,1.094889512468e+02,1.462497017442e+00,1.001869450028e+00
6.666351433399e+00,8.237650290069e+01,3.768005651739e+00,6.697952034426e-01
8.816355633352e+00,4.911468756273e+02,4.937430179326e+00,7.528925828984e+00
1.630802843144e+01,1.435379945781e+01,2.755512689115e+00,8.886221690775e-02
1.724372624687e+01,7.352666171670e+02,1.266079003226e+00,3.185695792385e+00
7.534318762920e+00,9.759490028235e+02,5.206943013710e+00,1.984106315798e+00
1.179398745537e+01,8.301392594754e+00,6.856626245312e+00,9.679179803437e-02
1.281816222000e+01,7.772225303476e+02,1.510265845524e+00,1.055886707519e+00
1.755980465023e+00,2.001243893605e+02,3.228247928106e+00,2.441546949473e+00
6.145164496902e+00,6.830243954279e+01,1.076286131904e+00,9.939509985926e-01
2.560022529809e-01,1.827471341529e+02,3.389197539143e+00,6.125725322614e-01
5.968267875632e+00,1.151541334927e+03,5.039089532295e+00,2.081189136475e+00
1.486134369369e+00,3.150696748486e+02,2.930531944536e+00,6.906459222094e-02
1.313132022310e+01,1.522160681653e+03,3.272531503739e+00,1.344322718542e+00
1.243605998185e+01,1.823899526392e+03,3.518765823564e+00,5.370903305394e+00
1.019938069265e+01,9.080141258552e+01,4.439033886407e+00,1.635912462352e+00
1.172093123554e+01,1.696794259934e+03,6.955398109049e+00,8.894780268166e+00
3.583887785296e+00,1.771264138971e+04,6.010630490519e+00,1.473770021280e+00
1.315137975362e+01,1.374083912666e+02,5.554230709814e+00,1.241284075972e-01
1.509044700537e+01,1.357340394257e+04,6.754932673253e+00,1.284124040219e+00
3.463008063884e+00,6.307441051631e+01,3.124947960706e+00,4.139797797824e-01
3.374508000838e+00,3.533334846289e+03,3.515810685812e+00,2.563320693475e+00
8.753164911338e+00,1.389136270229e+02,1.905266734929e+00,5.749884785039e+00
7.804142038784e+00,1.960940472806e+02,2.818155078471e+00,7.066565021130e-01
1.881508055575e+00,4.105942220485e+00,2.307144616380e+00,4.578067278254e+00
9.065991421669e+00,2.507546614427e+02,3.284845155925e+00,1.783163149550e+00
1.444440545069e+01,1.703224961285e+02,2.091631137069e+00,7.053984829045e-01
7.988308064103e+00,4.520890805859e+01,2.854157926462e+00,2.679217904988e+00
1.486614037798e+01,5.206294470197e+01,1.658678450455e+00,2.092045060649e-01
-6.843716498081e-01,4.627485993069e+01,3.210225704556e+00,9.795481037415e-02
1.498176952409e+01,1.176408006568e+02,3.454222261400e+00,5.904284555217e-01
7.930342804560e+00,7.302270636716e+01,4.448459257402e+00,1.669290774562e+00
5.446795410008e+00,8.612958291632e+01,1.048105354436e+00,5.481049119411e-01
7.452123932016e+00,3.015786774285e+03,6.939443459550e+00,6.293689361639e-02
1.221827541844e+01,1.272768534403e+01,2.868057964161e+00,3.467371553449e+00
4.660096246808e+00,2.242399367302e+01,3.662519095326e+00,7.665425222315e+00
1.067624167094e+01,6.008390726997e+00,5.692948437732e+00,7.805044445655e+00
9.369420576664e+00,2.581504161059e+01,1.370357367006e+00,2.321751981718e+00
1.253817895781e+01,1.253417219230e+02,4.615493491034e+00,1.272632754365e+00
1.266799814607e+01,3.995586974378e+01,2.337099216096e+00,8.181783959798e+00
1.125563109161e+01,2.877948940017e+01,6.640311001464e+00,6.714854241548e-01
1.141799498375e+01,3.307324049051e+02,6.298460775464e+00,2.209106392351e+00
1.157183898026e+01,1.969121677675e+01,4.473581066794e+00,2.916682059635e+00
4.766796875706e+00,4.160734456403e+02,5.454243916418e+00,1.549637699404e+00
1.402006044215e+01,1.347151749422e+00,4.708694799951e+00,1.986572599495e+00
1.274928061881e+01,6.629574345176e+00,4.368037054684e+00,9.657773475481e-01
1.375086274831e+01,4.339857705341e+01,1.704624754892e+00,5.746829494815e-01
1.070844390522e+01,2.624035289819e+02,3.541588201328e+00,9.545305085766e-01
1.319196893886e+01,2.105995869254e+00,3.571052907081e+00,1.650485905431e+00
1.030842619146e+01,5.739982482134e+02,1.547404853482e+00,1.150594796260e-01
5.148283837947e+00,7.306587300476e+01,1.966715727202e+00,1.521639458787e+00
7.962403673771e+00,2.506453893723e+02,6.976474412062e+00,3.799116439569e+00
8.351702638816e+00,2.044127453396e+02,5.994055464571e+00,6.573478961932e+00
1.346027602411e+01,4.296285819243e+03,6.003965721558e+00,4.272314653179e-01
9.833252555114e+00,5.201990986693e+01,4.426957879083e+00,1.629011494960e+00
1.007415217536e+01,2.763427128890e+02,4.400802026089e+00,4.792937278507e+00
2.318466958130e+00,8.584131504603e+01,3.961263800820e+00,5.049245224704e-01
1.400572357520e+01,6.292677925856e+03,4.141825527913e+00,6.751665209643e-01
1.026884091289e+01,4.659751796601e+03,6.829973822318e+00,9.869587155621e-01
2.519635983642e+00,3.626166268579e+00,3.825984045253e+00,1.729499449204e+00
9.604895815165e+00,1.068496828595e+02,5.979721406700e+00,3.399232285424e-01
1.436146845808e+01,8.187395536062e+01,5.123029329926e+00,4.897174478047e+00
5.085326098549e+00,1.599081272665e+01,2.723172158601e+00,2.601571341164e-01
6.492671110509e+00,2.183465325800e+02,2.794315502979e+00,5.236444062579e+00
1.280680837809e+01,4.678245852147e+02,6.993388739395e+00,2.170590963789e+00
8.974479908102e+00,1.278400080483e+01,1.131659921627e+00,3.993244388037e+00
1.357817322201e+01,4.786015461641e+01,3.807541514687e+00,5.223367130403e+00
1.567860607898e+01,3.315483564160e+02,2.674025983537e+00,2.379924997117e+00
6.354562721823e+00,1.627330657895e+03,6.532059608319e+00,6.801437241598e-01
5.422543843109e-02,9.278434408778e+02,1.760996720532e+00,8.717350055702e-01
1.604354163619e+01,1.562009888271e+02,4.241294008726e+00,2.575793531001e-01
1.087416582631e+01,1.942883225471e+02,2.240490584119e+00,6.245390441914e-01
1.481867742841e+01,1.544355873245e+02,6.052113248823e+00,4.065264294201e-01
9.723743097752e+00,1.548878837057e+03,2.647757280252e+00,3.850394006719e+00
9.549020930124e+00,1.709978972980e+02,3.271833887247e+00,3.508605495414e+00
7.606886276795e+00,3.564837448585e+01,3.724097864225e+00,3.163326077052e+00
2.579457957369e+00,6.645100931525e+01,6.421985439152e+00,3.219801204725e+00
8.550166955947e+00,1.037510559015e+02,3.017400154095e+00,1.255068239485e-01
1.463984661258e+01,4.786175827928e+02,2.191634507961e+00,3.578158149161e+00
8.284983928354e+00,4.003211167510e+01,4.940494195147e+00,1.132707719039e+00
9.488361403776e+00,1.847660987613e+02,5.781113393923e+00,2.597429934403e+00
1.282625845724e+01,3.899339491432e+02,3.726033932056e+00,3.556914010720e+00
9.703005679326e+00,8.586049555113e+01,1.537909093021e+00,7.462465929050e+00
1.301697793387e+01,9.454820671549e+02,3.674112519944e+00,2.334910535069e+00
1.323400026393e+01,3.061797824731e+02,1.273450065424e+00,1.401968137826e+00
1.053158012294e+01,4.889038686562e+01,5.966065259699e+00,2.064290255646e+00
-7.805053579684e-01,9.034638626510e+03,3.305364304485e+00,1.207215199778e+00
8.348066386298e+00,1.822314423011e+03,6.212278011163e+00,6.459207147192e-02
6.047226719262e+00,5.167219068583e+02,6.241770053507e+00,2.479415254703e-01
4.740563054603e+00,3.947410817728e+02,5.399961998056e+00,1.867304137542e+00
9.508473449414e+00,6.521502438512e+02,3.914119532311e+00,2.275126677693e+00
1.208009463649e+01,1.717646468182e+02,4.942461878991e+00,3.459917375251e+00
8.140534947112e+00,1.165482278866e+02,5.516676074274e+00,5.019057663608e+00
6.805300663679e+00,2.069279037407e+01,6.494849079832e+00,2.892361484041e+00
1.096688487991e+01,3.895853128275e+03,4.917623716449e+00,3.184910674697e+00
1.417994121821e+01,1.381724862981e+02,3.589663504319e+00,1.212569047169e+00
1.402216567350e+01,3.104678916069e+01,4.927342787705e+00,2.282958717108e+00
9.233055158812e+00,1.326220290037e+03,6.530154924407e+00,1.500873962587e-01
2.447600352649e+00,6.986008749075e+02,4.775352682389e+00,1.096148220886e+00
1.800583827368e+00,1.602982469871e+01,2.354371679775e+00,5.983326341722e-01
1.442309812309e+01,1.622361144947e+01,6.749869390112e+00,2.897977004728e-03
6.468458872687e+00,7.966249996536e+02,6.714733020072e+00,1.309529744261e+00
1.683559229531e+01,8.972800988587e+02,5.953064781931e+00,5.441084054087e+00
9.016826170131e+00,8.441926493021e+01,5.054120251976e+00,2.124741562333e+00
1.672585105201e+01,1.623136541718e+03,3.010980846376e+00,1.937727328893e-01
7.192698052523e+00,2.796233204601e+01,2.087729740416e+00,2.344811884645e-01
7.525245576066e+00,4.123079375069e+01,1.296381115120e+00,2.842606482742e+00
5.572165973236e+00,3.360547898826e+01,6.665450636867e+00,4.811041495063e-01
4.477792805544e+00,7.752620739734e+02,2.766787081002e+00,4.965806027771e+00
4.712022852673e+00,1.835376120972e+02,4.580272891191e+00,1.437803552762e+00
5.104773185128e+00,1.650141407220e+02,4.752794738609e+00,1.443520185024e+00
1.265173770281e+01,8.981989416954e+02,5.336765687766e+00,5.727650666827e-01
1.418198369973e+01,8.826161404167e+02,1.141563330409e+00,4.180269490442e+00
1.683717388440e+01,5.152385509460e+02,1.078248322780e+00,4.031885427549e-01
3.112145995483e+00,3.037253243934e+02,3.567084657958e+00,1.170586498049e+00
1.007414892392e+01,5.348957312421e+02,6.528370777113e+00,8.336848480417e-01
7.409239649327e+00,1.580349828552e+02,4.309155432651e+00,3.636229053502e+00
8.321170332596e-01,4.591492394414e+01,5.925540192716e+00,2.818287254373e+00
9.241596677924e+00,6.364670077462e+01,3.742670389678e+00,6.523009602054e-02
1.061805408645e+01,1.419836741364e+01,2.367828636930e+00,1.382630565171e+00
9.612761028632e+00,8.261528898058e+01,5.693788639147e+00,4.408167171407e-02
1.131067076123e+01,1.308200163866e+02,1.069793408603e+00,7.301111406837e-01
1.029951447447e+01,3.684573815318e+01,6.395597672609e+00,2.522470617605e+00
3.447147242782e+00,6.457393375732e+01,2.801128694568e+00,1.310326197380e-01
6.870015277037e+00,2.792660572925e+01,5.904820519586e+00,2.040435094722e+00
2.841446892937e+00,5.070773490848e+02,4.913913331563e+00,1.156054467491e+00
9.227388858394e+00,3.475045009477e+02,1.056403744381e+00,1.334127787024e+01
7.654469909477e+00,8.915578245445e+02,2.217815184027e+00,1.055045460819e+00
1.221879480328e+01,2.214086619512e+03,3.077208766193e+00,2.531424503082e-01
6.974863856344e+00,1.878183758914e+01,5.577783326796e+00,6.834119263597e-01
1.695473073109e+00,1.384187806296e+02,4.936776394413e+00,2.416687586791e+00
8.682274994402e+00,6.159214870531e+02,3.028748582036e+00,7.769414101443e-02
1.230661053738e+01,8.429225883870e+02,2.863210282003e+00,1.925287232338e+00
1.566374623447e+01,7.012339501470e+00,6.678607766247e+00,5.356953534413e-01
1.253631093184e+01,2.558782917638e+01,2.475536215786e+00,1.304903166065e+00
1.311014418468e+01,1.050256039459e+02,5.610079776732e+00,4.041139197165e+00
1.038172417215e+01,7.520963858611e+00,6.054159715880e+00,4.443012948968e+00
8.161270697553e-01,1.976780696524e+03,3.296535372459e+00,4.438137169487e+00
4.201776741986e+00,3.215023510375e+02,1.734929389576e+00,6.334511157456e-01
2.598472609542e+00,1.430654469004e+01,4.927088550375e+00,2.085928012567e+00
1.172138298252e+01,1.956748206027e+01,1.447662200451e+00,1.312400336003e+00
1.032272191690e+01,1.806650242869e+03,1.331929577765e+00,2.090802363304e+00
1.162971438171e+01,8.353379829518e+00,4.308925370932e+00,2.039476635488e+00
1.055304683654e+01,7.156296012965e+01,5.165038906238e+00,7.496890572379e-01
1.445753487363e+01,1.082232725349e+02,4.643655959632e+00,1.287189074240e-01
1.123779097495e+01,2.189075616988e+02,2.418829169532e+00,3.250264414323e+00
7.812848824378e+00,6.058656853620e+02,5.486559171057e+00,2.519375381780e+00
1.163029773571e+01,2.929099631957e+02,5.191050262104e+00,1.660941405484e+00
1.346257717457e+01,6.309658076666e+03,1.606005484654e+00,1.545982326514e+00
1.793751879946e+01,5.691257665250e+01,6.638974139522e+00,2.114974296082e+00
2.742339696260e-01,7.357300295245e+02,1.008090655609e+00,9.472093493803e-01
6.026143827884e+00,7.705174599688e+02,2.600793740318e+00,4.401038204632e+00
6.305162552489e+00,2.761815723874e+00,5.366227145417e+00,1.277313835614e+00
9.091082475131e+00,8.954972358770e+00,2.143520608523e+00,3.760928029329e+00
1.900046986296e+01,1.999346678689e+02,6.973231642193e+00,7.368432868175e-01
1.802338252203e+01,5.522006515638e+01,4.137308139167e+00,7.907110502960e-01
1.835427820524e+01,1.255564215850e+03,3.494425337148e+00,1.913499068602e+00
8.252784035662e+00,3.618980390862e+02,6.378561523016e+00,1.587421378318e+00
1.081572427306e+01,1.374631945344e+02,6.499750868248e+00,1.695510808246e-01
7.348375560064e+00,5.233471302951e+04,6.392723734539e+00,7.051463290000e+00
2.235923154298e+00,1.853204362522e+02,6.664609639498e+00,1.048756014372e+00
2.050390176474e+01,1.903549811228e+02,6.338275814472e+00,1.104862154886e+00
3.369857886805e+00,3.542326620995e+01,5.762665863287e+00,4.798067544316e+00
1.089523627695e+01,1.468988294655e-01,5.835877494289e+00,8.844831867074e-01
6.864902303523e+00,5.221309385195e+01,3.735000838774e+00,4.012631471642e+00
2.647574529946e+00,3.822823328807e+02,2.721796268359e+00,3.977060770010e+00
9.064672883087e+00,9.079668393943e+03,4.273446729558e+00,6.949688600179e+00
8.869793504192e+00,6.804066358490e+02,3.004984886166e+00,7.591760132500e-01
1.579186337486e+01,1.465065987184e+02,3.763860221537e+00,3.669846521701e-01
1.511228327527e+01,2.290645192786e+02,4.706293786859e+00,2.661191052539e+00
1.067536588971e+01,2.164105731429e+03,2.094918665949e+00,7.252496924970e-02
9.213058213096e+00,1.327058132832e+02,3.476312865384e+00,2.741169620870e+00
1.257907072474e+01,3.065589384844e+02,1.143159440422e+00,2.148743975177e+00
7.248643994688e+00,1.753320791539e+01,6.092076759605e+00,4.179079260523e-01
6.841958539357e+00,1.625167636857e+03,1.983374324558e+00,3.762148084943e+00
6.833748652361e+00,4.723323732676e+00,1.486918353613e+00,8.826029738523e-01
7.979550767492e+00,3.881123438943e+02,3.168061389617e+00,1.051566379683e+00
5.871805630237e+00,4.135029511140e+00,1.215586412802e+00,3.208453274935e-01
1.230193086950e+00,4.897600854048e+02,2.198138494393e+00,1.776613836985e+00
6.596675128864e+00,6.812187175405e+02,2.041622846945e+00,1.001220211527e+00
1.419203723198e+01,6.271356579686e+02,5.199423012672e+00,5.041749949150e+00
1.114788817700e+01,5.666345768467e+00,1.076474500613e+00,3.496547303012e-01
5.543832657084e-01,3.130091803050e+01,2.747185579442e+00,5.150880776895e-01
4.834123861059e+00,7.183852884513e+01,5.363436975129e+00,8.983311992123e-01
1.210045997971e+01,1.232600811744e+01,3.049609886947e+00,2.052033062911e-01
1.336641440403e+01,5.195948398570e+01,6.337540418721e+00,9.218116140099e-01
1.029600901110e+01,1.139828020051e+02,1.812043506856e+00,1.665907393365e-01
-2.303136551164e-01,5.763114153821e+02,3.984926547473e+00,3.595584063968e+00
9.562194570833e+00,3.633178694840e+02,6.520738528894e+00,3.698511267498e+00
9.977562346497e+00,1.346412774535e+01,4.076618048206e+00,1.029020577026e+00
1.623971218777e+01,1.381827896873e+00,4.823196509586e+00,1.147921843247e+00
5.037361609684e+00,5.062586725089e+01,6.208801400646e+00,9.564481134165e+00
1.091042216928e+01,3.873382078394e+04,3.400396398683e+00,4.687320891302e-01
1.244862173622e+01,1.713826464012e+04,5.118138054054e+00,4.674600522809e+00
6.440762428585e+00,5.105466792375e+01,1.677251574768e+00,7.140749180846e+00
1.701480040234e+01,6.779198556113e+02,1.319812796412e+00,6.536833055787e-01
1.136659295264e+01,7.425523362457e+02,5.508770563230e+00,7.578481476989e-01
1.059043430245e+01,2.830787021856e+02,1.643529682564e+00,8.958637445726e-01
1.174482845036e+01,2.166369951244e+02,4.035067639086e+00,1.100016579183e-01
7.572574652051e+00,8.491171360380e+01,6.989091172761e+00,1.858610862376e+00
1.683615485628e+01,5.169591129636e+02,2.033386879867e+00,3.658896472042e+00
1.663406222987e+01,1.088850491157e+02,6.131727497181e+00,6.751092917928e+00
1.255915305758e+01,5.126191032823e+02,6.077367933007e+00,1.976576053353e-01
1.282238144962e+01,2.743617715879e+01,6.002647554893e+00,2.454487721343e+00
6.998185097407e+00,4.871514553496e+02,2.389769064318e+00,2.797860176770e-02
9.495519875194e+00,1.708628284405e+03,6.022168825851e+00,3.274589173828e-01
9.668680849990e+00,9.940797731750e+01,4.508081434291e+00,1.610045784586e+00
1.218898726072e+01,2.119879405730e+01,2.311752203060e+00,1.830773834481e+00
6.140484984426e+00,7.120221641651e-01,1.502236815861e+00,2.566883439042e+00
1.293902446093e+01,8.818778867468e+00,2.318510759023e+00,2.133816539463e-01
4.141668814724e+00,5.574181997972e+03,5.886830107631e+00,6.134784054911e+00
5.138179876708e+00,1.592248226706e+03,4.934687300351e+00,1.565149895440e+00
1.239150389865e+01,9.353209404311e+01,3.332094996136e+00,2.176721767559e+00
1.406196174483e+01,6.444341348228e+01,1.292311305177e+00,6.336069620853e-01
5.087416872995e+00,2.173997769353e+03,2.724378338188e+00,1.920283728236e-01
1.470094252341e+01,1.920544010752e+03,4.466554502790e+00,1.096608890914e+00
2.876507013246e+00,1.615511366826e+02,5.821043013551e+00,1.876241915108e+00
1.078737050266e+01,5.452395274957e+01,5.363039978882e+00,7.519101878750e-01
2.068072979240e+01,7.295002708288e+02,6.753014369499e+00,3.519277251004e-01
1.074179315931e+01,1.456221870878e+01,1.432935524403e+00,8.930534497409e+00
1.463705663586e+01,1.863942012737e+03,3.443620758715e+00,6.832312604248e-01
4.012366470377e+00,8.009292168741e+01,5.397455625693e+00,4.531931396789e+00
8.948126236553e+00,2.283424787287e+02,5.021465849005e+00,2.889780795041e-01
7.025318225593e+00,5.755595306911e+01,1.546929773670e+00,3.012471739546e-01
6.343076591814e+00,6.611257625806e+02,6.944875792373e+00,7.883992262283e-01
1.319029306416e+01,6.438114853219e+01,2.115536911382e+00,3.282965632610e+00
1.727971742827e+01,2.270050589802e+02,2.559366315500e+00,3.467542492327e+00
9.786024393572e+00,2.310631694552e+01,4.629870718766e+00,2.783870586639e+00
1.228953543531e+01,4.047914754276e+01,1.922154265132e+00,6.013775628047e+00
1.034813576510e+01,3.993559050684e+01,6.037104927075e+00,5.380570035630e-01
1.434276486450e+01,3.829273838192e+02,5.913593506449e+00,3.620183953568e+00
1.136323204172e+00,3.695293520587e+02,1.932075217828e+00,1.565487158475e-01
2.065848058197e+01,1.383915376464e+02,2.767672645708e+00,4.520156408217e-01
1.111452294019e+01,9.749926928029e+01,3.098085671960e+00,2.728325432596e+00
1.141298526237e+01,1.152669726003e+01,5.151123360864e+00,2.498190457291e-01
1.797050710353e+01,4.496248012865e+02,5.928258361436e+00,1.137757192644e+00
-9.774287249274e-01,1.261666649514e+00,5.114956953205e+00,8.675712283459e-03
9.702922608498e+00,1.317631528720e+02,1.547830506337e+00,1.362833564503e+00
6.578583869799e+00,2.450461312817e+03,6.509837143237e+00,1.215042737917e-01
1.681320537570e+01,1.175601763366e+01,5.960429916972e+00,2.437717982373e+00
1.289253785056e+01,1.514056049920e+01,1.153424355470e+00,1.819953141224e+00
1.131180154351e+01,4.853216753151e+01,6.379554414495e+00,5.514340490990e+00
4.151977365776e+00,4.005095864606e+02,2.364394850195e+00,3.873703517856e+00
1.532943129968e+01,3.669974571055e+02,3.235868514168e+00,1.974999448876e+00
8.030822406296e+00,2.938083531158e+04,5.681057670970e+00,3.078204171397e+00
3.328273948157e+00,3.696269362653e+03,4.186361978733e+00,1.672783016155e+00
1.845303317799e+01,6.536547291338e+01,5.951046388660e+00,1.881585350218e+00
9.894200472569e+00,5.354364996774e+02,5.195003392899e+00,3.255415130583e-03
1.363080950441e+01,3.930541608219e+03,2.066464255724e+00,1.077195623125e-01
1.666458881020e+00,6.327031238932e+01,6.736607537257e+00,1.947590291007e+00
9.309333443157e+00,2.507020448076e+03,1.700837311303e+00,2.588400618612e+00
8.480909133246e+00,1.643917035938e+02,6.991610164870e+00,9.094997447579e-01
5.835687671194e+00,2.882330128387e+03,4.002176383874e+00,1.358461563416e-01
1.285316410511e+01,5.347987945767e+02,1.177833164337e+00,3.252336637597e-01
1.302962823492e+01,2.421296678979e+02,6.306319701711e+00,2.385919208575e-01
9.230135826229e+00,1.437551263235e+03,1.868827509389e+00,9.149833483264e-02
8.382255909566e+00,1.991349344396e+02,4.478442006705e+00,1.329037568270e+00
1.004535084787e+01,6.394926667080e+02,5.456782392448e+00,1.078357949826e+00
1.034970934761e+01,3.634689954857e+02,1.032103613493e+00,5.543688203445e-02
5.610323695832e+00,7.363436894393e+01,3.404455867069e+00,5.152755859875e-01
1.229647300205e+01,2.128168895443e+03,4.590989866497e+00,7.357713108090e+00
-2.078176168639e-01,6.628083580261e+01,6.882551961489e+00,3.481931397587e-01
1.289326817550e+01,2.762608680476e+02,1.044013822425e+00,1.053297140952e+00
1.753539906533e+01,1.197593949175e+03,4.093624787733e+00,2.668577173914e+00
8.545322489113e+00,9.715271608608e+02,1.964171619475e+00,4.014063851254e+00
1.412462342300e+01,1.721116299907e+01,3.507433180666e+00,1.987457029009e+00
9.021431663937e+00,5.677775418593e+00,4.639948936724e+00,1.105515576828e+00
1.363101379445e+01,3.831555253627e+03,2.791995004564e+00,2.224393365579e+00
8.428075052076e+00,2.512773571272e+02,6.813818483239e+00,2.439842575128e+00
1.609781194867e+01,1.071200371331e+03,6.731716296656e+00,5.099571849371e-01
3.232080654808e+00,1.572595002009e+02,2.749864058614e+00,1.207432245303e+00
3.803376802714e+00,2.226469570191e+01,5.342495017711e+00,2.612424965966e+00
3.399002603893e+00,2.161428227224e+03,1.714031517042e+00,1.783469292781e+00
5.547966987114e+00,6.369048699328e+02,4.627176761990e+00,3.327444647136e-01
1.246324193281e+01,2.704257350251e+02,4.832322122071e+00,1.192131213788e+01
9.736381524270e+00,8.609613383609e+03,3.414328508933e+00,4.356111990883e-01
7.085976331042e+00,1.504207458613e+03,6.793473709137e+00,9.288786845957e-02
1.354273447484e+01,3.890506628116e+00,5.733751142720e+00,5.390413210036e+00
1.578771595608e+01,2.124772342643e+02,1.291158387149e+00,3.438631852757e+00
1.125727298058e+01,3.509685977366e+03,1.765682701236e+00,1.379627574995e+00
3.857353614790e+00,3.050660297731e+01,4.208563144735e+00,2.980607457866e-01
9.431229408472e+00,9.470108387476e+01,3.337517370410e+00,3.239070198433e+00
1.203811059702e+01,3.493459287047e+01,2.466958459170e+00,1.593174676083e+00
8.750901633884e+00,3.407782806491e+03,2.737664598251e+00,5.349446503811e-01
3.200809444496e+00,2.238555459866e+02,2.942748058227e+00,3.347411669076e-01
1.116589960627e+01,1.348697195078e+02,1.863079130030e+00,2.723723620301e+00
6.579346399904e+00,3.713785183347e+01,6.099337145618e+00,1.445377379967e+00
1.143561231807e+01,4.988715949933e+01,3.346717881372e+00,1.213242764909e+00
1.405882098955e+01,1.368216128056e+03,5.959823100056e+00,4.746733559049e-01
1.116249762582e+01,8.425235028614e+01,4.476555049335e+00,5.091376858586e-02
3.725865012763e+00,5.164736817427e+00,2.548854872085e+00,7.913687430979e-01
1.574126475390e+01,2.448870222128e+03,2.794073604231e+00,3.287560741572e-01
1.225045961344e+01,1.041941473731e+03,2.261998020371e+00,2.705722455559e+00
1.285590060808e+01,1.601202045193e+02,6.130204625802e+00,4.352132371495e+00
1.315198681915e+00,2.946580270882e+02,1.566771876770e+00,1.169687745553e+00
1.490156121687e+01,5.926037320012e+02,5.782223854930e+00,8.548769378054e-01
6.633309493784e+00,1.900570980693e+01,6.275449058430e+00,4.400555764108e+00
1.058667630118e+01,1.596770224112e+02,3.096959064716e+00,5.301124231756e-01
1.676213745808e+01,8.384979209219e-01,2.233624698251e+00,1.762381880874e+00
4.515744302289e+00,9.742332703649e+03,4.696950049474e+00,1.547947044146e+00
1.592023430286e+01,4.000978601431e+01,1.807757714554e+00,9.862717103159e-02
2.071847596346e+01,2.072277975387e+01,4.362056013645e+00,1.973451834949e+00
1.306459088737e+01,9.036659868809e+00,6.515902309743e+00,5.175871778932e-01
6.088987846348e+00,3.812812661944e+01,1.912565222492e+00,2.772665284817e-01
1.092247537608e+01,2.664352698356e+03,5.414010441243e+00,2.546053508199e+00
7.109205325315e+00,2.741569298713e+01,4.935878097342e+00,1.377679995646e+00
8.916624346955e+00,1.589091534289e+01,1.032924799789e+00,7.374501707041e-02
1.030783534400e+01,3.376157755564e+02,3.929152816430e+00,6.240445342663e+00
1.706581961843e+01,3.822808257054e+02,1.556754079654e+00,1.800197490787e+00
1.221120701343e+01,5.059034711789e+01,2.196532174564e+00,2.431026088114e+00
2.042917296860e+01,3.863766636913e+01,3.252397048667e+00,4.791612162166e+00
1.852030655099e+01,1.037596061083e+03,2.303404732376e+00,6.776383931478e-02
1.911685959567e+01,1.355527293431e+01,3.431025296845e+00,4.936043464584e-01
5.066032192268e+00,1.134741820508e+02,4.004172040044e+00,2.200987327213e+00
5.561420649114e+00,7.770324608044e+01,1.610732351736e+00,9.443776294389e-01
1.454393449608e+00,4.111144233897e+02,6.185695351086e+00,1.902070709878e+01
6.804786479573e+00,2.192308123200e+03,4.270320852339e+00,1.084443650305e+00
6.899177658596e+00,1.150886683014e+01,3.328802158293e+00,5.193205955946e+00
1.143478998316e+01,6.743545934434e+03,6.433399844561e+00,7.089689052418e-01
8.098515010706e+00,2.887994681729e+00,1.706853661062e+00,1.661652247996e-02
9.413715771902e+00,2.286183538059e+03,2.953543801365e+00,3.120433467652e+00
8.798355411476e+00,3.421878750118e+01,5.890151534513e+00,7.215297974749e-01
6.060477750848e+00,4.855903886954e+02,4.976924761900e+00,4.295574097502e+00
7.941928625096e+00,4.614877129255e+02,4.209866631816e+00,3.131908903764e+00
1.057091858556e+01,1.006416400007e+03,1.212524588421e+00,1.940425791406e+00
5.198307100115e+00,5.587538613126e+01,1.203314355839e+00,7.204815989718e-01
9.143239034631e+00,3.338493471207e+01,4.495312461682e+00,8.724275983063e-01
8.233426483682e+00,4.078035099162e+02,1.694365302159e+00,2.175760749923e+00
7.065898734576e+00,2.028201751657e+03,5.879822449899e+00,1.089505477306e+00
1.479554719092e+01,5.137138378704e+01,5.351298937836e+00,1.264866079156e-01
1.034616548401e+01,3.176360596159e+01,1.408015385188e+00,5.312054967016e+00
1.272598382078e+01,3.162513017693e+01,4.466571468341e+00,7.702683155891e-01
1.285694269823e+01,4.338229235148e+01,6.892450317615e+00,1.211935480210e+00
6.813343978322e+00,2.139055567960e+03,4.519772432758e+00,3.650641676845e+00
2.971823899788e+00,8.424028650397e+01,1.530355392092e+00,2.291281208417e+00
1.487157544318e+01,4.632090413042e+01,3.696629880708e+00,1.873232684119e+00
2.630480809763e+00,5.967252139363e+02,1.833972129069e+00,2.731999320176e+00
1.615634369940e+00,7.390363125098e+01,6.409178225257e+00,3.280782434916e-02
1.618469552454e+01,6.711713663472e+01,1.371415687689e+00,2.187169346147e+00
9.994225691653e-01,6.940866665556e+01,4.866635708207e+00,9.543013245837e-02
1.713682035103e+01,6.522290313148e+01,1.718525363926e+00,1.055570667830e+00
